y_test,y_pred,diff
218.5,204.78491,13.715087890625
1219.85,1361.8774,142.0274414062501
580.8,641.3825,60.582507324218795
45.85,47.283894,1.4338935852050767
837.5,844.11816,6.6181640625
1531.4,1440.914,90.48605957031259
4017.45,4064.5374,47.08735351562518
801.3,824.1705,22.870471191406295
2036.55,2076.8872,40.337207031250045
2236.2,2287.262,51.06196289062518
1566.75,1497.312,69.43798828125
2723.75,2709.1824,14.567626953125
107.6,125.42368,17.823683166503912
35.55,35.43418,0.11581878662109091
599.3,567.33484,31.965161132812455
4254.1,4363.866,109.76621093749964
5645.8,5532.435,113.36494140625018
95.65,100.64373,4.993730163574213
2357.75,2404.4348,46.684814453125
146.9,138.00868,8.891317749023443
25.35,25.88508,0.5350803375244126
780.1,790.30035,10.200354003906227
8349.7,8451.223,101.52265624999927
93.7,87.67528,6.024722290039065
1181.75,1143.252,38.498046875
436.6,476.2509,39.6508850097656
8248.5,8151.0264,97.4736328125
74.45,74.0911,0.3588973999023466
903.8,901.3382,2.4618041992187045
295.65,283.06003,12.589971923828102
768.45,764.9054,3.5446044921875455
4534.9,4633.58,98.68007812500036
583.45,639.9583,56.508312988281205
1206.05,1214.3964,8.346362304687545
1910.6,1991.9302,81.33017578125009
6079.0,6485.5005,406.50048828125
524.5,539.0993,14.59930419921875
1424.6,1504.9773,80.37729492187509
1325.85,1409.5824,83.73239746093759
4189.7,4142.3584,47.34160156249982
4904.2,4764.455,139.74492187499982
399.6,366.99615,32.60384521484377
667.7,679.1442,11.444226074218705
239.05,227.90602,11.143978881835949
8244.3,7921.01,323.2902343749993
74.6,76.50586,1.9058593750000057
5980.55,5921.166,59.38398437500018
7737.55,7791.517,53.96708984374982
1849.95,1869.6023,19.652294921874955
2404.1,2408.021,3.920996093750091
6572.85,6537.7085,35.141503906250364
520.95,553.57715,32.627148437499955
1270.55,1266.6566,3.8933837890624545
4680.05,4623.009,57.04121093750018
59.85,61.355434,1.505434417724608
212.4,233.51263,21.112634277343744
1173.35,1076.9576,96.39235839843741
819.4,834.00433,14.604333496093773
4671.65,4624.3506,47.299414062499636
1054.8,1045.0717,9.728344726562455
7261.75,7316.658,54.908203125
61.45,58.82352,2.626479339599612
70.75,68.92717,1.8228302001953125
5643.4,5770.1084,126.70839843750036
318.5,356.87582,38.375823974609375
4390.25,4419.6553,29.4052734375
5013.0,4903.9834,109.0166015625
829.3,774.7597,54.540295410156205
1269.55,1344.9254,75.37541503906255
886.7,918.733,32.032971191406205
4749.15,4630.2827,118.86728515624964
3371.75,3335.386,36.364013671875
260.9,234.90944,25.990560913085915
4192.15,3945.0696,247.08041992187464
1222.25,1261.1769,38.9268798828125
5438.95,5415.936,23.013964843749818
5846.65,5790.405,56.245214843749636
641.35,655.18097,13.830969238281227
1718.2,1682.9666,35.233447265625045
1718.35,1715.5901,2.759912109374909
415.1,459.9665,44.86649169921873
157.55,181.59349,24.043490600585926
1815.65,1851.1173,35.46730957031241
7348.8,7236.466,112.33417968750018
1463.45,1422.5071,40.942919921875045
6365.35,6328.1245,37.225488281250364
1058.6,1042.9271,15.672875976562409
5289.05,5420.6694,131.61943359374982
5618.3,5527.6875,90.61250000000018
486.85,465.3836,21.466394042968773
1821.2,1782.61,38.590014648437545
249.95,239.46715,10.482852172851551
1931.75,1866.2047,65.5452880859375
19.5,21.211042,1.7110424041748047
76.95,60.207317,16.74268264770508
1386.8,1452.9493,66.14934082031255
80.15,82.620735,2.4707351684570256
4541.2,4594.347,53.14716796875018
140.95,159.45782,18.50782470703126
5034.05,4903.095,130.95478515625018
96.85,87.33206,9.51793823242187
438.9,443.8739,4.973901367187523
1415.0,1492.7971,77.797119140625
49.65,50.08434,0.43433914184570455
1021.75,1099.1548,77.40478515625
69.1,68.41855,0.6814514160156193
587.45,643.9189,56.468884277343705
144.55,161.45453,16.90452880859374
493.65,488.48868,5.161322021484352
3539.25,3701.47,162.219970703125
819.95,864.058,44.107983398437455
44.45,46.851788,2.401787567138669
3024.15,3117.1006,92.95058593749991
4639.45,4815.493,176.04316406250018
45.4,46.851788,1.4517875671386733
174.75,180.89578,6.145782470703125
6067.4,6194.187,126.78701171875036
1137.05,1089.0076,48.042431640624955
4784.45,4675.234,109.21611328124982
489.45,508.292,18.84199218750001
4868.4,4916.849,48.449121093750364
84.2,77.836296,6.363703918457034
321.4,326.92105,5.521051025390648
3895.35,3860.3396,35.01040039062491
91.4,82.138405,9.2615951538086
1539.45,1532.4014,7.0486328125000455
69.6,70.1914,0.5913986206054744
3019.5,2902.1643,117.335693359375
980.35,858.7968,121.55318603515627
5588.8,5668.84,80.03984374999982
2974.5,2990.1357,15.6357421875
4526.85,4653.7603,126.91025390624964
313.6,351.83084,38.2308410644531
5348.65,5184.1514,164.49863281249964
2495.15,2475.056,20.09409179687509
820.5,823.44696,2.94696044921875
474.9,510.02527,35.12526855468752
958.1,852.89166,105.20833740234377
74.7,77.514175,2.8141754150390597
2274.1,2277.1567,3.056738281250091
50.5,51.897297,1.3972969055175781
1500.25,1417.2235,83.0264892578125
106.9,101.08095,5.819052124023443
3437.5,3550.0134,112.513427734375
208.0,235.63278,27.632781982421875
7159.7,7089.4155,70.28447265624982
3161.2,3188.4033,27.203320312500182
45.1,45.71627,0.6162704467773423
7920.7,7915.175,5.525195312499818
156.4,153.43515,2.9648498535156307
98.35,124.69116,26.341162109375006
1551.6,1515.5531,36.04689941406241
1226.45,1253.2506,26.800610351562455
450.9,455.1451,4.245111083984398
1023.85,1089.8615,66.01145019531248
700.85,689.79596,11.054040527343773
4508.65,4376.947,131.70322265624964
1363.45,1362.0859,1.3640625000000455
70.8,68.92717,1.8728302001953097
1417.9,1519.6116,101.71157226562491
612.95,625.44196,12.491955566406205
2427.35,2360.4482,66.90175781249991
19.1,18.717041,0.3829589843750014
1301.7,1258.5355,43.164477539062545
35.45,35.43418,0.015818786621096592
678.8,652.556,26.243969726562455
786.5,769.4305,17.06951904296875
741.0,741.13403,0.134033203125
964.9,1027.9415,63.04152832031252
5321.25,5397.2,75.9501953125
162.15,156.91188,5.238119506835943
794.25,702.9359,91.3140869140625
55.55,55.63434,0.08433837890625284
5083.55,5004.8823,78.66767578125018
279.3,250.29395,29.00605468750001
6721.6,6740.299,18.698828124999636
1336.15,1382.8195,46.66945800781241
85.0,88.891335,3.8913345336914062
2619.15,2580.575,38.57504882812509
2697.4,2637.5486,59.85141601562509
990.85,1033.3278,42.47775878906248
7711.25,7907.1436,195.8935546875
5135.35,5195.957,60.607031249999636
586.05,555.7216,30.328381347656205
6083.1,6140.918,57.817968749999636
668.85,719.3803,50.53031005859373
1815.3,1705.8229,109.47712402343745
7047.5,6987.459,60.041015625
3694.7,3567.6719,127.02812499999982
20.3,21.486662,1.1866619110107415
1215.65,1092.9038,122.74619140625009
95.6,106.18418,10.584181213378912
89.55,91.347466,1.7974655151367216
5878.9,5791.039,87.86093749999964
695.85,730.12885,34.27884521484373
853.0,810.8562,42.143798828125
1882.55,1695.9631,186.58686523437495
605.45,622.55853,17.108532714843705
5329.0,5211.2437,117.75634765625
3066.45,3175.4497,108.99970703125018
1801.1,1991.7659,190.6658691406251
4494.65,4498.65,3.999902343750364
2564.3,2642.2483,77.94829101562482
2209.15,2285.5835,76.43349609374991
4740.0,4538.704,201.2958984375
4566.5,4727.7153,161.21533203125
3068.6,3178.7012,110.10117187500009
1783.75,1773.1194,10.630615234375
7422.1,7183.596,238.50380859375036
393.15,430.80383,37.65383300781252
60.0,66.65968,6.6596832275390625
300.4,286.0413,14.358709716796852
20.55,24.506216,3.9562160491943352
2483.5,2450.6855,32.814453125
50.1,51.699814,1.599813842773436
46.35,43.42058,2.9294181823730483
85.5,83.45595,2.0440521240234375
1373.05,1374.6227,1.5726806640625455
3003.55,3106.1875,102.63749999999982
417.75,423.09125,5.34124755859375
221.1,225.99802,4.898016357421881
7061.65,6971.782,89.86777343749964
3588.4,3531.063,57.33701171875009
572.45,609.7268,37.276806640624955
534.7,517.1725,17.527514648437545
4069.9,4092.1223,22.22231445312491
862.4,922.3244,59.92440185546877
24.9,25.991102,1.091102218627931
5498.8,5386.419,112.38105468750018
2424.05,2588.8145,164.76445312499982
422.4,380.61523,41.78476562499998
432.25,448.5585,16.308502197265625
6588.95,6377.2246,211.72539062499982
144.0,138.00777,5.9922332763671875
1776.95,1769.2372,7.7128173828125455
4888.7,4739.8364,148.86357421874982
761.85,812.73004,50.88004150390623
889.9,842.6199,47.28012695312498
712.85,768.24164,55.39163818359373
1130.85,1140.2322,9.382177734375091
6068.65,5884.1104,184.53964843749964
758.6,755.7634,2.8365722656250227
676.7,627.81793,48.882067871093795
5763.15,5671.665,91.48496093749964
3342.45,3289.1045,53.34550781249982
2460.15,2534.2395,74.08950195312491
5812.6,5736.337,76.26308593750036
109.8,100.30798,9.492016601562497
613.95,612.5976,1.3524047851562955
483.3,473.3625,9.937512207031261
4303.65,4166.299,137.35117187499964
483.15,479.6248,3.5252136230468523
5776.45,5563.4756,212.97441406249982
529.5,493.68073,35.81927490234375
76.45,77.608376,1.1583755493164034
1203.95,1183.5992,20.350756835937545
4664.5,4719.766,55.26611328125
229.6,232.19397,2.5939697265625057
235.05,219.6139,15.436093139648449
7537.5,7615.178,77.67822265625
44.6,46.74577,2.1457695007324205
5647.95,5792.45,144.50019531250018
1422.65,1385.4946,37.15537109375009
1673.4,1822.2239,148.8238769531249
2433.9,2534.6055,100.70546874999991
19.45,10.504884,8.945116233825683
4039.5,4003.8254,35.674560546875
973.45,1005.8871,32.437084960937455
3273.95,3287.2761,13.326123046875182
220.45,217.21295,3.2370483398437386
2852.4,2874.1924,21.79238281249991
2540.1,2713.2234,173.1233886718751
1821.8,1705.8414,115.95856933593745
327.45,324.71378,2.7362243652343636
505.45,484.6456,20.804400634765614
94.45,121.64835,27.198353576660153
6944.5,6932.1885,12.3115234375
6991.6,6995.5474,3.947363281249636
1336.8,1378.6973,41.897265625000045
69.75,70.1914,0.44139862060546875
2893.4,2785.9375,107.46250000000009
3110.1,3009.0344,101.06557617187491
70.6,70.33847,0.2615295410156193
6056.9,6191.19,134.28994140625036
654.85,680.9415,26.091528320312477
2635.0,2529.091,105.908935546875
304.6,282.542,22.058007812500023
4507.15,4627.8896,120.73964843750036
2545.7,2416.395,129.30498046874982
739.35,683.06995,56.28005371093752
1871.15,1794.3773,76.77268066406259
624.6,644.1591,19.559118652343727
4941.8,4919.6704,22.129589843750182
402.6,466.21786,63.61786499023435
7491.75,7388.7476,103.00244140625
1269.6,1268.1351,1.464868164062409
4931.8,4864.548,67.25214843750018
845.25,873.32965,28.07965087890625
159.2,156.63585,2.564151000976551
226.8,227.39824,0.5982391357421761
117.95,99.799736,18.150263977050784
892.7,866.1455,26.554492187500045
5762.95,5794.8003,31.850292968750182
864.2,894.635,30.435009765624955
5898.6,5907.646,9.045996093749636
7251.7,7169.993,81.70683593749982
1110.35,1033.4447,76.90529785156241
4677.1,4753.547,76.44687499999964
996.45,1052.4209,55.970898437499955
6841.3,6951.516,110.21611328124982
620.55,658.20074,37.650744628906295
681.4,762.1574,80.75740966796877
215.25,237.01659,21.766586303710938
159.15,174.30818,15.158181762695307
1513.6,1467.5857,46.01430664062491
4039.0,4024.8064,14.193603515625
765.5,756.64685,8.8531494140625
1626.05,1713.5936,87.54362792968755
5817.7,5639.6685,178.03154296874982
1296.15,1258.1879,37.96213378906259
4720.0,4664.4624,55.53759765625
670.65,693.1289,22.478906250000023
2911.3,3028.453,117.15288085937482
83.3,82.138405,1.161595153808591
5168.1,5211.4414,43.341406249999636
53.5,53.644768,0.14476776123046875
1563.9,1585.5095,21.60952148437491
3301.05,3327.3472,26.297167968749818
19.4,21.195675,1.7956748962402358
6137.0,6333.716,196.7158203125
555.4,585.88696,30.486962890625023
165.45,165.17548,0.27452392578123863
90.85,89.06964,1.7803588867187443
4641.1,4659.9736,18.873632812499636
44.15,43.481503,0.6684974670410142
8399.15,8332.239,66.91074218749964
2249.95,2290.4888,40.53876953125018
305.55,323.34467,17.79466552734374
1415.55,1392.214,23.336010742187455
3861.45,3891.6245,30.174511718750182
659.35,557.1251,102.22487792968752
1270.2,1359.2616,89.06159667968745
144.15,161.45316,17.30315551757812
253.0,260.6052,7.605194091796875
34.7,35.20976,0.509758758544919
7455.45,7592.1816,136.73164062500018
2901.8,2877.9797,23.820263671875182
174.3,170.13168,4.168316650390636
1612.75,1627.6307,14.8807373046875
2511.55,2536.8855,25.335498046874818
2277.65,2286.9866,9.336572265624909
20.2,21.47129,1.271290588378907
74.9,77.64331,2.7433105468749943
181.5,165.58313,15.9168701171875
3365.85,3432.353,66.50302734375009
1901.65,1887.4567,14.193334960937591
335.65,335.42545,0.22455444335935226
7118.9,6970.4883,148.41171874999964
75.1,77.64331,2.5433105468750057
391.7,350.09195,41.608050537109364
467.15,455.1376,12.012396240234352
6880.85,6906.2974,25.447363281249636
6424.7,6346.058,78.64189453124982
5705.05,5688.0293,17.020703125000182
33.6,36.009064,2.4090637207031236
1581.95,1556.7549,25.195117187500045
5500.6,5408.128,92.47207031250036
3829.75,3789.7493,40.000732421875
1013.2,996.5877,16.612292480468795
711.9,702.3142,9.585791015624977
3902.6,3923.2336,20.63364257812509
1103.25,1153.78,50.530029296875
3413.25,3407.196,6.053955078125
170.85,188.7434,17.893392944335943
2065.15,2083.1218,17.97182617187491
6953.4,7103.5454,150.14541015625036
2967.35,2978.6416,11.291601562500091
1322.85,1420.6252,97.77524414062509
19.55,21.596226,2.04622573852539
2088.05,2123.1682,35.11821289062482
75.45,77.574196,2.1241958618164034
4631.7,4852.789,221.08906250000018
5991.05,5910.722,80.32783203125018
4765.0,4789.166,24.166015625
2768.35,2667.4812,100.86879882812491
2657.55,2664.3096,6.759570312499818
8164.1,8066.4136,97.68642578125036
759.35,709.64136,49.70864257812502
844.45,855.8526,11.402600097656205
422.6,475.64883,53.0488342285156
302.75,318.98758,16.237579345703125
1752.45,1722.3805,30.069506835937545
4054.2,4094.7756,40.57563476562518
196.4,219.41557,23.015573120117182
3480.0,3443.4172,36.582763671875
439.2,441.40466,2.2046630859375114
458.1,491.9168,33.81680908203123
2596.15,2605.9832,9.833154296874909
1539.75,1463.2639,76.486083984375
4946.7,4878.549,68.15117187499982
720.1,710.08185,10.018151855468773
2948.6,2883.2786,65.32143554687491
3157.0,3242.6587,85.65869140625
866.45,967.94824,101.49824218749995
1790.65,1757.0569,33.59311523437509
854.8,769.41327,85.3867309570312
443.9,399.2654,44.63458862304685
2549.1,2403.9846,145.1153808593749
1102.4,1095.1619,7.238134765625091
91.45,70.54981,20.90018768310547
1032.0,1060.8634,28.8634033203125
597.0,586.1294,10.87060546875
256.6,257.17236,0.5723632812499773
378.6,368.547,10.053002929687523
7882.25,7999.1177,116.86767578125
1285.8,1301.8213,16.021289062500045
1669.4,1565.8157,103.58432617187509
5536.5,5559.3003,22.80029296875
2627.2,2682.186,54.98603515625018
141.6,158.31987,16.719869995117193
612.1,597.10724,14.992761230468773
1306.3,1298.9929,7.3070800781249545
357.75,392.65466,34.9046630859375
731.3,708.2722,23.027783203124955
2095.0,2270.3992,175.399169921875
25.2,25.84403,0.6440303802490241
3000.25,3106.185,105.93505859375
1553.95,1511.3325,42.617480468750045
3384.0,3306.1562,77.84375
389.95,388.919,1.0309936523437386
1522.65,1586.2837,63.63369140624991
214.75,215.79315,1.04315185546875
651.4,634.28894,17.111059570312477
76.2,77.10613,0.9061325073242159
4159.45,4343.484,184.03388671875018
863.1,926.43036,63.33035888671873
6510.45,6490.893,19.556933593749818
1020.2,1015.80707,4.3929321289062955
633.85,664.31274,30.462744140624977
93.45,81.61767,11.832331848144534
1445.3,1398.3531,46.946850585937455
4018.05,3955.4329,62.61713867187518
7853.7,7767.0806,86.61943359374982
220.6,233.44353,12.843527221679693
331.9,357.7676,25.867608642578148
6049.5,6236.33,186.830078125
950.75,997.96857,47.21856689453125
4889.2,4797.542,91.65800781249982
660.9,649.1148,11.785192871093727
6252.7,6156.927,95.77324218749982
3682.45,3775.4333,92.98334960937518
3035.35,3144.262,108.91196289062509
3638.25,3766.2532,128.003173828125
2188.5,2338.2817,149.78173828125
333.65,299.20633,34.44367065429685
25.25,26.356508,1.1065082550048828
7074.4,7028.366,46.033789062499636
402.85,464.4943,61.6442932128906
1857.75,1923.8021,66.0521240234375
882.55,871.5698,10.980175781249955
7322.5,7123.941,198.55908203125
3503.5,3647.828,144.327880859375
139.4,154.26071,14.86071166992187
79.5,77.86202,1.6379776000976562
6431.05,6147.1226,283.9274414062502
3088.75,3076.2686,12.4814453125
84.65,88.44211,3.7921081542968693
187.35,212.64417,25.294165039062506
595.5,521.7527,73.747314453125
424.45,368.9573,55.492694091796864
5234.95,5190.6597,44.29033203124982
1410.25,1519.8284,109.578369140625
84.4,87.644196,3.2441955566406193
2139.2,2287.3208,148.12080078125018
1938.9,1957.7438,18.84377441406241
19.1,18.761084,0.338916397094728
108.05,97.71888,10.331120300292966
1319.95,1234.3787,85.57133789062505
664.4,712.2472,47.84719238281252
7723.9,7971.9116,248.01162109375036
3109.9,3076.9915,32.90854492187509
360.35,301.4401,58.9099060058594
294.9,311.7166,16.816613769531273
790.7,848.6188,57.918774414062455
259.8,194.50974,65.29026489257814
3784.0,3693.3115,90.6884765625
5607.75,5753.7944,146.04443359375
1221.55,1271.5477,49.997729492187545
23.45,23.143597,0.3064033508300774
2997.45,2919.1294,78.32060546874982
5481.25,5525.833,44.5830078125
25.05,24.85558,0.19442062377929759
1992.95,1903.7795,89.17045898437505
3161.4,3413.7612,252.3612304687499
1155.6,1147.0781,8.521874999999909
2588.95,2372.0002,216.94975585937482
7966.9,7907.8916,59.008398437499636
202.25,188.54146,13.708541870117188
951.55,943.5076,8.042370605468705
6463.15,6288.403,174.74716796874964
45.0,46.851788,1.8517875671386719
71.65,72.66979,1.019792175292963
190.05,177.34958,12.700421142578136
330.05,315.1925,14.857495117187511
4016.2,4168.918,152.71796875000018
197.7,188.47879,9.221209716796864
1313.55,1299.2346,14.315380859374955
19.95,21.351784,1.401783752441407
3162.65,3009.7922,152.8577636718751
460.25,508.0582,47.808197021484375
475.1,438.1337,36.9663024902344
1170.55,1127.0287,43.521313476562455
3023.65,3422.298,398.6480957031249
291.45,305.7775,14.327496337890636
19.5,21.576448,2.076448440551758
512.25,530.42017,18.170166015625
2572.95,2649.085,76.13496093750018
514.0,487.91034,26.08966064453125
4718.25,4722.091,3.8408203125
4388.4,4356.385,32.015234374999636
1183.05,1177.6754,5.3745849609374545
6046.1,6025.583,20.516992187500364
2015.8,2092.9016,77.10161132812505
4657.95,4598.3496,59.60039062499982
1077.05,1156.6011,79.55107421875005
2130.45,2085.7905,44.65947265624982
34.75,42.769833,8.019832611083984
620.35,596.5575,23.792504882812523
81.7,83.556366,1.8563659667968722
4758.8,4779.1274,20.327441406249818
75.3,79.017715,3.7177154541015653
5550.1,5488.176,61.924218750000364
257.6,233.60684,23.993157958984398
399.45,386.64832,12.801684570312489
6001.45,5999.9805,1.469531249999818
959.9,990.6686,30.768579101562523
3887.85,4050.0735,162.2234863281251
1673.8,1672.7974,1.0026367187499545
5401.9,5748.007,346.10683593750036
4245.55,3982.5923,262.9577148437502
69.65,70.1914,0.5413986206054631
5229.45,5103.9224,125.52763671874982
465.85,456.58197,9.268029785156273
135.2,138.0064,2.806393432617199
477.55,490.4164,12.866412353515614
1062.1,1164.4502,102.35019531250009
6692.65,6716.29,23.640039062500364
239.0,229.45645,9.543548583984375
5102.35,4900.224,202.12587890625036
2666.75,2649.389,17.361083984375
1292.6,1243.8048,48.79519042968741
24.6,26.356508,1.7565082550048814
641.25,649.37946,8.12945556640625
5930.05,6177.8594,247.80937499999982
350.35,340.8794,9.470605468750023
4783.5,4641.3623,142.1376953125
353.65,360.56982,6.919824218750023
2186.4,2282.9216,96.52163085937491
973.35,960.4555,12.894494628906273
4542.35,4477.9414,64.40859375000036
4453.3,4573.675,120.37480468749982
845.6,916.9148,71.31479492187498
2065.4,2177.933,112.53310546874991
5744.35,5681.0137,63.336328125000364
6937.95,6941.0347,3.084667968750182
958.15,913.0935,45.05649414062498
3551.65,3807.0227,255.3727050781249
1087.25,1098.8376,11.587646484375
3778.0,3740.8098,37.190185546875
44.4,46.74577,2.3457695007324233
3085.35,3041.6584,43.69155273437491
515.45,493.67935,21.77064819335942
4807.35,4663.262,144.08779296875036
1766.75,1767.7843,1.0343017578125
38.7,44.258045,5.5580451965332
6518.35,6330.058,188.29189453125036
1441.95,1457.7557,15.805737304687455
4981.15,4900.3115,80.83847656249964
1077.5,1088.0345,10.5345458984375
7982.5,7977.5103,4.98974609375
1777.9,1782.5138,4.613793945312409
775.6,848.06635,72.46634521484373
452.8,500.30188,47.50187988281249
78.65,78.83931,0.18930969238280682
7609.75,7579.622,30.1279296875
146.6,155.14113,8.541128540039068
5895.45,5590.5005,304.9495117187498
502.85,484.13474,18.715264892578148
5526.75,5390.8203,135.9296875
6981.35,6955.775,25.575097656250364
554.05,540.8123,13.237683105468705
2983.8,2979.4897,4.310253906250182
225.75,227.46524,1.715240478515625
3389.25,3244.0186,145.2314453125
60.15,65.09316,4.943162536621095
1929.35,1989.347,59.99704589843759
44.9,46.851788,1.9517875671386733
260.7,245.46379,15.236209106445301
3983.6,4046.5366,62.93662109375009
941.0,892.74335,48.25665283203125
293.15,286.17365,6.976354980468727
217.45,227.88834,10.438336181640636
1311.3,1304.5559,6.7440917968749545
1924.1,1948.9266,24.82663574218759
3615.6,3598.021,17.57900390624991
5510.65,5827.811,317.16103515625036
7690.9,7657.313,33.587011718749636
702.05,652.0216,50.028393554687455
3886.45,3752.8826,133.56743164062482
1216.35,1254.3961,38.04611816406259
477.55,509.7811,32.231097412109364
174.7,138.29634,36.403659057617176
1148.1,1166.1671,18.06711425781259
5576.3,5575.591,0.7091796875001819
4254.85,4152.883,101.96718750000036
119.75,138.2604,18.510406494140625
518.9,538.07007,19.170068359375023
2203.65,2105.4224,98.22763671875009
3886.85,3799.0066,87.84340820312491
1054.75,1005.6893,49.06072998046875
2249.1,2269.183,20.08310546875009
4487.3,4464.547,22.753125000000182
41.85,47.667244,5.81724395751953
7881.2,7968.46,87.25996093750018
1275.85,1227.3656,48.48439941406241
8109.8,7892.165,217.63496093750018
561.15,534.0988,27.051184082031227
131.05,148.49399,17.443988037109364
4929.55,4898.5063,31.043652343750182
42.9,43.481503,0.5815025329589858
3344.1,3290.5352,53.56484374999991
6697.2,6626.975,70.22490234374982
1743.5,1719.3901,24.10986328125
2231.05,2271.6157,40.56572265624982
6912.7,6688.1006,224.59941406249982
1078.9,1023.2626,55.63742675781259
35.75,35.971386,0.22138595581054688
1615.1,1683.65,68.55002441406259
226.2,263.46655,37.26655273437501
398.55,401.28134,2.7313415527343636
854.45,909.56647,55.116467285156205
2642.05,2695.9648,53.91484374999982
1326.25,1449.3477,123.09765625
49.9,49.63492,0.2650817871093736
143.65,128.08755,15.56244506835938
670.35,661.14484,9.205163574218773
1376.5,1377.4384,0.9383544921875
3363.8,3478.1672,114.36723632812482
3103.25,3077.0376,26.21240234375
348.15,420.56198,72.4119812011719
2651.1,2700.846,49.74594726562509
1288.0,1266.2491,21.7508544921875
6171.2,6400.193,228.99287109375018
181.7,188.74477,7.044766235351574
6841.4,6872.2095,30.809472656250364
246.5,241.68277,4.817230224609375
268.35,277.73935,9.389349365234352
1820.9,1784.1135,36.78647460937509
2212.55,2190.1404,22.409619140625182
155.8,160.0189,4.218905639648426
1397.3,1400.2526,2.9525634765625455
5791.1,5604.9863,186.11367187500036
129.55,122.14923,7.400769042968761
2032.3,1871.9142,160.38581542968745
4479.2,4468.0225,11.177539062499818
171.45,179.83318,8.383175659179699
1934.45,1979.8485,45.398510742187455
163.6,159.28468,4.315316772460932
1024.0,1062.7053,38.705322265625
20.5,22.875315,2.375314712524414
7396.15,7482.566,86.41591796875036
5617.75,5372.9116,244.83837890625
943.1,993.10345,50.00345458984373
452.55,476.6138,24.063800048828114
1654.75,1722.4913,67.7413330078125
3744.05,3705.3682,38.68183593750018
6127.6,6142.7617,15.161718749999636
5568.35,5428.5312,139.81875000000036
1028.9,1049.9934,21.09340820312491
3923.8,3986.0396,62.23955078124982
7554.05,7485.8794,68.17060546875018
2966.95,2976.2751,9.325146484375182
7919.8,7728.322,191.47822265625018
1914.9,2088.267,173.3670898437499
6557.75,6382.683,175.06689453125
38.15,42.965908,4.815908050537111
5971.25,6167.2437,195.99365234375
844.45,859.901,15.451000976562455
581.85,560.6263,21.223718261718773
2751.0,2902.7495,151.74951171875
59.05,75.8141,16.764102172851565
554.25,565.0648,10.8148193359375
5742.9,5858.38,115.47988281250036
663.55,698.9495,35.399523925781295
7159.05,6979.8296,179.22041015625018
74.3,71.63732,2.6626785278320284
55.7,59.76766,4.067658233642575
20.0,21.351784,1.3517837524414062
265.8,301.4108,35.610797119140614
7895.15,7796.063,99.08701171874964
825.4,837.20605,11.806054687500023
1729.35,1787.2566,57.90659179687509
851.75,841.0437,10.706298828125
1389.2,1442.0792,52.879223632812455
857.75,983.94226,126.1922607421875
5293.4,5298.4434,5.043359375000364
255.5,253.35172,2.148284912109375
1980.3,2014.6888,34.388842773437545
94.15,87.2336,6.916403198242193
4242.35,4094.662,147.68789062500036
3450.15,3483.3672,33.21718749999991
1752.65,1776.3682,23.71816406249991
2333.05,2310.2817,22.768261718750182
2447.95,2525.029,77.07905273437518
2265.25,2357.867,92.616943359375
5116.6,5152.7896,36.189550781249636
7576.7,7776.345,199.64521484375018
319.6,334.70364,15.103643798828102
2078.55,2129.691,51.14091796874982
1679.25,1624.6484,54.6015625
7372.65,7482.2495,109.59951171875036
79.6,83.47871,3.878706359863287
901.25,870.6804,30.569580078125
383.65,382.81467,0.8353332519531023
1614.7,1571.4779,43.222094726562545
278.4,297.1924,18.792413330078148
611.45,587.0551,24.394885253906295
1212.1,1176.0782,36.02175292968741
280.0,257.96378,22.036224365234375
2398.4,2362.0723,36.32773437500009
90.35,88.939964,1.4100357055664006
1810.85,1862.0394,51.18942871093759
20.05,21.365269,1.31526870727539
4424.2,4380.727,43.47294921874982
1752.55,1696.4099,56.140087890624955
5950.2,6015.031,64.83076171875018
8436.25,8188.031,248.21923828125
4733.1,4629.5547,103.54531250000036
20.5,23.24072,2.740720748901367
19.05,18.624361,0.4256389617919929
6430.9,6249.946,180.95419921874964
2684.35,2676.4182,7.931787109374909
926.0,884.2933,41.70672607421875
1328.35,1405.8204,77.47043457031259
5921.35,5895.2437,26.106347656250364
1699.15,1661.0562,38.09384765625009
7430.75,7527.8296,97.07958984375
5430.35,5603.7876,173.43759765624964
6125.4,6004.6646,120.73544921874964
1642.75,1603.513,39.237060546875
3894.4,3970.4717,76.07167968749991
134.35,137.75429,3.404287719726568
840.1,938.5004,98.40042724609373
5426.85,5484.3,57.449804687499636
7939.25,7939.241,0.0087890625
2745.7,2790.0444,44.34443359375018
7251.9,7262.3076,10.407617187500364
754.65,756.0116,1.3615966796875227
299.05,278.1533,20.896710205078136
224.5,249.19637,24.696365356445312
5427.05,5470.829,43.77910156249982
6849.4,6759.584,89.81601562499964
2203.7,2121.3,82.39995117187482
4134.7,4007.4043,127.29570312499982
232.5,220.52948,11.97052001953125
6292.7,6320.9414,28.241406250000182
6312.9,6581.128,268.22792968750036
560.6,571.7557,11.155676269531227
372.45,367.6124,4.837603759765614
356.1,401.93945,45.83945312499998
73.45,77.836296,4.386296081542966
2952.85,2858.8303,94.01967773437491
6921.7,6637.7617,283.9382812499998
4811.6,4748.421,63.179101562500364
6886.25,6892.597,6.34716796875
449.75,449.2568,0.493194580078125
3953.15,4082.1558,129.0057617187499
1074.3,1135.837,61.537036132812545
522.35,528.0554,5.705419921874977
78.25,71.44485,6.805152893066406
470.2,452.1237,18.076312255859364
372.45,354.9707,17.47929687499999
559.2,574.6195,15.419506835937455
7711.45,7836.403,124.95283203125018
5012.1,5060.702,48.602148437499636
2460.35,2531.6536,71.30356445312509
53.05,54.874496,1.8244964599609403
633.45,644.59985,11.149853515624955
165.0,157.43254,7.5674591064453125
237.65,268.89435,31.244348144531244
505.9,498.1832,7.716802978515602
3094.65,3145.8064,51.15639648437491
350.3,355.04938,4.749377441406239
154.55,176.75537,22.20537109374999
75.3,78.888145,3.5881454467773466
7325.1,7318.4565,6.643457031250364
4176.7,4090.5266,86.17338867187482
4855.35,4822.6846,32.665429687500364
4953.25,5013.6245,60.37451171875
6735.05,6656.106,78.94404296875018
810.7,826.7881,16.088085937499955
314.95,316.268,1.3180053710937614
1198.8,1232.6381,33.838061523437545
1864.2,1866.8702,2.6702392578124545
80.05,81.99546,1.945460510253909
3512.5,3451.5427,60.957275390625
1165.55,1131.2375,34.312451171874955
2606.35,2866.824,260.4739746093751
357.6,382.277,24.677008056640602
461.7,449.36084,12.339160156249989
738.2,692.12054,46.079455566406295
3346.8,3485.281,138.48100585937482
5231.3,5216.89,14.409863281250182
5594.0,5642.32,48.31982421875
4952.95,4935.6387,17.311328124999818
1952.25,1853.0743,99.1756591796875
5794.45,5806.422,11.971875000000182
6273.4,6380.437,107.03701171875036
141.45,138.32706,3.1229431152343636
1348.5,1321.5333,26.9666748046875
151.65,138.32706,13.32294311523438
82.85,83.21618,0.36617889404297443
1302.65,1293.056,9.593969726562591
38.25,44.957676,6.707675933837891
7288.4,7472.314,183.91396484375036
4259.3,4172.888,86.41181640625018
6404.0,6364.462,39.5380859375
70.15,70.1914,0.041398620605463066
113.95,100.72478,13.225222778320315
6526.65,6449.599,77.05087890624964
45.55,46.851788,1.3017875671386747
226.45,273.14676,46.696759033203136
4904.25,4971.2725,67.0224609375
4346.4,4314.6313,31.768652343749636
7227.45,7025.7188,201.73124999999982
4869.35,4754.325,115.02480468750036
255.6,278.7771,23.177099609375006
4576.3,4476.358,99.94208984375018
459.6,491.12558,31.525579833984352
223.15,219.57265,3.577352905273443
1046.2,958.2053,87.99467773437505
3470.8,3569.447,98.64702148437482
5717.85,5603.63,114.22011718750036
2117.25,2075.393,41.85693359375
5375.15,5406.471,31.321191406250364
116.6,129.22705,12.627050781250006
5611.75,5934.718,322.9677734375
218.55,254.12193,35.571932983398426
4747.65,4953.1997,205.54970703125036
4964.7,4983.206,18.506054687500182
92.75,103.66287,10.912872314453125
772.4,831.00867,58.60866699218752
161.5,187.32678,25.8267822265625
1127.2,1050.2089,76.99113769531255
4515.85,4500.6987,15.151269531250364
5785.5,5788.3496,2.849609375
116.65,138.26178,21.611779785156244
827.05,898.6545,71.6044799804688
1719.15,1785.6714,66.52138671874991
2217.15,2189.5942,27.55576171875009
270.8,280.771,9.970996093749989
2045.55,2022.5516,22.998364257812455
4687.9,4861.9194,174.01943359375036
313.45,299.31097,14.139025878906239
3265.95,3261.3071,4.642871093749818
110.15,124.247314,14.097314453124994
7611.55,7534.0166,77.53339843750018
411.25,349.88382,61.366180419921875
5746.15,5732.682,13.467871093749636
2070.6,2134.0503,63.45029296875009
4323.35,4203.825,119.52480468750036
2866.45,2790.205,76.24492187499982
70.45,70.01783,0.4321701049804716
4456.35,4660.392,204.04208984374964
20.05,21.365269,1.31526870727539
6547.7,6438.1694,109.53056640624982
147.15,151.82538,4.675378417968744
199.75,186.84114,12.908859252929688
305.95,250.07138,55.878619384765614
199.85,209.72388,9.873876953125006
1584.8,1605.2578,20.457812500000045
4228.55,4297.402,68.85185546874982
7035.6,6961.298,74.30214843750036
369.05,342.07114,26.978863525390636
4126.2,4163.676,37.47578125000018
79.15,77.58473,1.5652679443359432
538.2,547.3762,9.176220703124955
19.7,21.04556,1.345560836791993
5948.7,5971.22,22.520214843750182
7111.3,6985.891,125.40888671875018
3603.45,3579.103,24.346972656249818
1862.9,1874.9414,12.041406249999909
1715.1,1634.9012,80.19875488281241
2015.35,2018.0293,2.679296875000091
143.35,153.6571,10.307104492187506
339.9,344.68268,4.782678222656273
3541.35,3495.398,45.95205078124991
1447.9,1307.885,140.0149902343751
5289.8,5365.063,75.26298828124982
3694.45,3585.1987,109.25126953124982
494.05,475.04227,19.007733154296886
608.8,625.8795,17.079516601562545
6215.35,6357.34,141.98984374999964
1208.6,1250.2579,41.65793457031259
637.55,583.2025,54.347485351562455
669.85,711.6749,41.82492675781248
2177.45,2223.2441,45.79414062500018
3273.8,3491.1216,217.32158203124982
2524.45,2428.3198,96.13017578124982
84.6,88.44211,3.8421081542968807
210.65,171.55508,39.09491577148438
1687.95,1666.5424,21.407641601562545
2302.35,2240.3699,61.98012695312491
5731.85,5593.175,138.67519531250036
1008.7,1017.69617,8.996166992187455
565.75,614.4517,48.70172119140625
381.3,332.3908,48.90919189453126
20.05,21.365269,1.31526870727539
498.1,478.8507,19.249291992187523
44.0,43.481503,0.5184974670410156
685.55,648.5003,37.049694824218705
7168.25,7024.838,143.412109375
926.25,787.3129,138.93707275390625
7556.9,7477.6797,79.22031249999964
2021.35,1944.1011,77.24892578124991
219.65,189.27611,30.373892211914068
1702.9,1707.8726,4.972558593749909
1079.45,1091.0807,11.630688476562455
1468.9,1352.3418,116.55820312500009
6302.85,6223.0347,79.81533203125036
5580.8,5683.462,102.66191406249982
333.6,307.2085,26.391503906250023
5129.3,5248.6895,119.38945312499982
1718.95,1608.8037,110.14628906250005
434.5,447.58316,13.083160400390625
2011.4,2010.26,1.139990234375091
27.55,42.719147,15.169146728515624
571.05,543.4129,27.637097167968705
324.6,357.91467,33.31467285156248
537.35,523.3908,13.959191894531273
4510.8,4691.8975,181.09746093749982
709.5,721.5541,12.0540771484375
305.55,307.2085,1.6584960937499886
134.5,129.50438,4.9956207275390625
19.4,21.211042,1.811042404174806
1978.65,1831.7113,146.9386962890626
3035.8,3089.7004,53.90043945312482
2731.0,2648.9512,82.048828125
2790.65,2789.8342,0.815771484375091
1388.45,1385.4163,3.0337402343750455
855.1,942.8785,87.77847900390623
3229.65,3242.9858,13.335839843749909
516.3,477.8682,38.43180541992183
5586.45,5572.6504,13.799609374999818
160.05,155.99664,4.053356933593761
19.3,20.929382,1.6293823242187493
2823.0,2735.611,87.388916015625
2265.0,2141.3271,123.6728515625
522.95,541.63654,18.686535644531205
237.25,238.2116,0.9615936279296875
779.25,860.05554,80.8055419921875
1233.15,1190.6389,42.51108398437509
3959.15,4093.09,133.9400878906249
374.0,435.0951,61.0950927734375
5450.7,5370.8535,79.84648437499982
106.2,114.64667,8.446667480468747
799.0,775.6368,23.36322021484375
6891.45,6948.2617,56.81171875000018
1232.9,1151.2781,81.62192382812509
20.2,21.365269,1.1652687072753913
4760.3,4761.6777,1.377734374999818
1094.35,1081.1085,13.241479492187409
1374.35,1317.595,56.75502929687491
999.45,956.8987,42.551318359375045
1107.25,1135.8479,28.597900390625
6595.9,6490.893,105.00693359374964
20.25,21.49152,1.2415199279785156
2165.05,2165.4072,0.3572265624998181
3778.1,3862.0654,83.96542968750009
242.8,206.40327,36.3967254638672
100.2,113.85643,13.656430053710935
168.2,180.35281,12.152813720703136
141.5,129.14035,12.359649658203125
3375.9,3342.423,33.47690429687509
2443.3,2446.529,3.229052734374818
4135.0,4164.2324,29.232421875
684.85,698.95087,14.100866699218727
2227.1,2334.1558,107.05576171875009
6668.35,6585.3813,82.96865234375036
1201.15,1189.8577,11.292333984375091
1263.9,1232.2515,31.64853515625009
315.3,294.4718,20.82819824218751
679.8,686.98285,7.1828491210937955
1841.9,2001.0876,159.1876464843749
4350.1,4504.084,153.98398437499964
251.65,270.9463,19.296289062499994
6330.4,6293.925,36.475195312499636
193.05,202.56413,9.514132690429676
990.9,1048.8491,57.94912109375002
574.5,545.6495,28.85052490234375
6014.85,6056.123,41.273046874999636
994.55,996.13135,1.5813476562500455
2122.05,2188.3174,66.26738281249982
129.2,138.32843,9.128430175781261
4663.4,4742.051,78.65078125000036
679.55,710.9605,31.410510253906295
1081.45,1078.1459,3.3041259765625455
2598.95,2523.8557,75.09428710937482
264.8,258.14432,6.655682373046886
3029.1,3007.5696,21.53041992187491
45.7,46.851788,1.151787567138669
1357.1,1344.5657,12.534326171874909
545.15,502.41907,42.73093261718748
61.05,57.68849,3.3615081787109347
438.4,354.21515,84.18485107421873
2799.75,2633.9604,165.78955078125
1940.85,1780.4495,160.4005371093749
1035.5,1077.6321,42.132080078125
4793.8,4869.225,75.42509765624982
465.7,426.7783,38.921710205078114
5224.95,5073.2676,151.68242187499982
468.35,481.14658,12.796575927734352
896.9,875.6284,21.271582031249977
442.6,428.70062,13.899377441406273
4096.9,4083.9,13.000097656249636
3600.65,3504.2742,96.37583007812509
639.7,666.34766,26.647656249999955
1006.9,1057.0243,50.12429199218752
1872.2,1866.8702,5.3297607421875455
526.95,502.3814,24.568591308593795
19.95,21.351784,1.401783752441407
2044.75,2164.353,119.60302734375
632.2,576.2143,55.985705566406295
4370.25,4183.408,186.841796875
214.55,205.78685,8.763150024414074
467.15,553.06537,85.91536865234377
669.45,574.04114,95.40886230468755
4713.4,4740.7646,27.364648437500364
1178.4,1237.1736,58.77358398437491
2237.55,2330.0615,92.51152343749982
3023.55,3109.4304,85.88041992187482
683.75,730.085,46.33502197265625
880.05,894.61566,14.565661621093795
1412.4,1638.8759,226.4758544921874
32.7,42.495853,9.795853424072263
7365.7,7026.681,339.0188476562498
1968.1,1910.8882,57.21181640624991
122.7,129.50438,6.804379272460935
551.95,499.62674,52.32326049804692
43.85,43.481503,0.36849746704101705
1405.3,1443.6592,38.359179687500045
268.4,283.06772,14.667718505859398
4045.65,3982.6248,63.02524414062509
789.2,832.70685,43.506848144531205
49.9,49.610752,0.28924789428710795
20.1,21.365269,1.2652687072753892
3067.2,3086.5903,19.390332031250182
1676.95,1771.0536,94.10358886718745
641.15,618.70465,22.445349121093727
2250.65,2119.3064,131.3436035156251
90.6,90.39841,0.20159301757811932
4689.15,4737.4204,48.270410156250364
1328.15,1285.3538,42.79624023437509
49.65,57.382267,7.732266998291017
434.1,452.77744,18.677435302734352
345.5,347.86133,2.361328125
107.25,121.64562,14.395622253417969
1800.05,1860.0284,59.978442382812545
20.0,21.823212,1.823211669921875
3092.65,2974.6177,118.03232421875009
1414.8,1375.6249,39.175122070312455
188.7,173.38432,15.315676879882801
928.4,1026.356,97.95595703125002
2958.95,2987.436,28.486035156250182
4415.75,4494.9214,79.17138671875
1620.8,1689.2605,68.46049804687505
5029.05,5074.0317,44.98173828124982
2272.8,2192.4688,80.33125000000018
2230.85,2224.4465,6.403466796874909
288.05,305.32446,17.27446289062499
1453.1,1567.9772,114.87717285156259
168.15,155.1808,12.969198608398443
50.6,42.339745,8.260255432128908
84.5,88.44211,3.942108154296875
2560.1,2686.427,126.32700195312509
2157.95,2227.164,69.21406250000018
19.75,22.915476,3.165475845336914
718.55,718.65436,0.10435791015629547
254.5,273.56366,19.06365966796875
232.55,224.86406,7.685940551757824
189.95,174.55104,15.398959350585926
958.45,944.64026,13.809741210937545
7634.25,7538.33,95.919921875
7548.6,7688.458,139.85800781249964
356.15,402.04257,45.8925720214844
688.65,708.9057,20.255700683593773
7932.5,7894.935,37.56494140625
1802.55,1785.7478,16.802197265624955
7181.25,7029.054,152.19580078125
3210.35,3296.23,85.87998046875009
2661.1,2521.3357,139.7643066406249
3244.4,3204.5046,39.89536132812509
5867.0,5930.724,63.72412109375
1178.75,1203.9927,25.24267578125
7840.6,7754.142,86.45791015625036
335.4,349.87347,14.473474121093773
3266.0,3210.7554,55.24462890625
3409.6,3442.525,32.92490234375009
5997.1,6041.882,44.781835937499636
973.65,1020.7771,47.12709960937502
50.6,52.621246,2.0212463378906236
80.35,87.091194,6.741194152832037
300.7,280.5442,20.15581054687499
2292.75,2302.568,9.818115234375
6979.8,6895.7466,84.05341796875018
74.1,72.748474,1.3515258789062443
4676.7,4811.437,134.73701171875018
3058.3,2924.5483,133.75166015625018
3801.3,3881.3057,80.00566406249982
6786.1,6643.2847,142.81533203125036
153.3,153.33557,0.03557128906248863
2602.9,2687.8306,84.93056640624991
33.2,44.570553,11.370552825927732
6425.65,6423.711,1.9390624999996362
1249.25,1282.0295,32.779541015625
6985.65,6827.988,157.66220703124964
3965.05,4043.7163,78.66630859374982
377.55,370.44882,7.101177978515636
2934.3,2926.1738,8.126171875000182
1821.95,1868.8688,46.918774414062455
741.4,887.285,145.88497314453127
387.7,388.82785,1.1278503417968864
1336.65,1251.9318,84.71823730468759
69.7,70.33847,0.6384704589843722
206.15,236.40784,30.257836914062494
474.8,424.83713,49.962872314453136
824.75,805.0521,19.6978759765625
1203.9,1135.1864,68.71359863281259
521.35,492.8719,28.478112792968773
99.6,99.45162,0.14837799072265057
7049.5,6853.2275,196.2724609375
3198.6,3385.769,187.1690429687501
2499.3,2420.9102,78.38984375000018
45.05,46.74577,1.6957695007324247
314.45,307.6652,6.784808349609364
6668.05,6364.014,304.0358398437502
552.9,532.5836,20.316381835937477
81.05,84.415474,3.365473937988284
5251.75,5179.3696,72.38037109375
2816.65,2787.7415,28.90854492187509
1539.8,1557.6735,17.873461914062545
7133.45,6894.8267,238.62333984374982
7244.7,7069.8066,174.89335937499982
8220.4,8393.559,173.15859375000036
19.55,21.195675,1.6456748962402337
967.9,1041.015,73.11501464843752
2511.95,2578.4128,66.46284179687518
130.55,135.9396,5.389605712890614
993.15,1080.028,86.87795410156252
55.0,53.233818,1.7661819458007812
6751.35,6431.1313,320.21865234375036
270.6,282.5305,11.930487060546852
3512.9,3549.5833,36.68325195312491
2221.55,2203.1123,18.437695312500182
109.3,126.16465,16.86464996337891
1474.75,1491.1635,16.4134521484375
713.1,723.231,10.131018066406227
3442.15,3492.0327,49.88271484374991
2479.25,2559.0344,79.784423828125
191.35,211.73499,20.384985351562506
1290.0,1217.5085,72.491455078125
1875.25,2048.0671,172.817138671875
2680.15,2761.362,81.21206054687491
3653.0,3635.7195,17.280517578125
4327.5,4271.048,56.4521484375
186.05,169.2539,16.79609375000001
20.45,22.875315,2.4253147125244148
2215.4,2276.8008,61.40078124999991
369.25,419.051,49.800994873046875
445.95,490.4501,44.500103759765636
3423.5,3546.7375,123.237548828125
2874.45,2878.4795,4.029492187500182
6548.65,6724.4365,175.78652343750036
5646.6,5592.584,54.016015625000364
7789.6,7862.0557,72.45566406249964
45.65,46.851788,1.2017875671386733
69.65,70.33847,0.6884704589843693
858.6,970.5627,111.96268310546873
1095.65,1092.1023,3.547705078125091
5811.8,5555.149,256.6510742187502
533.05,538.0574,5.0073730468750455
2623.65,2549.1777,74.47226562500009
6474.45,6465.807,8.642871093749818
788.6,820.5262,31.926184082031227
2201.75,2259.6387,57.888671875
2757.85,2786.7344,28.88437500000009
601.55,623.96063,22.410632324218795
2196.45,2170.264,26.186083984374818
7679.65,7761.9966,82.34658203125036
2198.9,2154.8013,44.09873046875009
1281.0,1417.1774,136.1773681640625
3015.75,3017.5488,1.798828125
250.8,237.12259,13.677410888671886
835.15,850.4513,15.301293945312523
873.4,971.4469,98.04689941406252
4029.95,4027.5684,2.381640624999818
19.2,18.761084,0.43891639709472585
270.2,254.60368,15.596316528320301
4003.0,3963.732,39.26806640625
2407.3,2373.8628,33.43720703125018
2536.55,2471.6865,64.86347656250018
2471.6,2477.6106,6.010595703125091
3510.3,3537.1392,26.839160156249818
8100.25,8151.054,50.80419921875
5121.75,5118.389,3.36083984375
3409.1,3472.827,63.72690429687509
70.0,70.33847,0.338470458984375
2838.55,2946.5974,108.04741210937482
418.4,431.76147,13.361474609375023
5276.1,5213.6567,62.443261718750364
129.6,114.26124,15.338761901855463
5755.8,5657.693,98.10712890625018
523.5,508.292,15.2080078125
3021.6,3081.5615,59.96152343750009
1689.45,1611.077,78.37297363281255
1424.5,1416.1567,8.34326171875
7459.05,7240.1035,218.94648437500018
2793.55,2729.5647,63.98530273437518
7114.25,6900.096,214.15380859375
1051.9,1126.157,74.25698242187491
5038.45,5141.2954,102.84541015625018
179.25,186.08842,6.8384246826171875
802.35,840.8674,38.51737060546873
4026.4,4007.234,19.16611328125009
273.25,278.7223,5.4722900390625
5012.35,5011.2666,1.0833984375003638
1414.45,1285.5205,128.92949218750005
7898.45,7886.3667,12.083300781249818
365.8,367.41223,1.6122314453124886
1011.05,1109.6785,98.62846679687505
2492.25,2554.4268,62.1767578125
123.8,138.0064,14.20639343261719
2215.25,2173.7195,41.530517578125
1940.8,1981.1702,40.370166015625045
5468.45,5506.9634,38.51337890625018
2208.75,2235.9731,27.22314453125
1873.7,1803.4542,70.24577636718755
343.95,401.33484,57.38483886718751
132.2,115.95002,16.249980163574207
54.75,53.233818,1.5161819458007812
4048.95,4122.551,73.60078125000018
6241.35,6067.1963,174.15371093750036
8404.9,8340.005,64.89511718749964
800.3,814.5704,14.270373535156295
3846.75,4072.136,225.385986328125
20.65,21.986732,1.3367324829101577
1958.45,2044.5101,86.06013183593745
4509.5,4490.7495,18.75048828125
69.35,69.448044,0.09804382324219318
602.9,584.3924,18.507604980468727
1955.4,1918.9236,36.47641601562509
4535.85,4455.909,79.94082031250036
610.2,638.5396,28.339611816406205
6536.5,6651.0317,114.53173828125
917.45,920.7801,3.3300903320312045
302.45,295.0286,7.421405029296864
5229.8,5202.22,27.579785156250182
609.65,595.2402,14.409826660156227
740.8,718.6851,22.114880371093705
1304.85,1221.5864,83.26357421874991
69.25,56.28554,12.964458465576172
2647.1,2454.68,192.4200683593749
6468.6,6620.597,151.99716796874964
274.35,280.25858,5.908575439453102
80.0,83.47871,3.4787063598632812
4392.5,4196.999,195.5009765625
6139.5,6207.338,67.837890625
834.15,842.3849,8.234887695312523
3292.3,3276.2253,16.074658203125182
340.25,322.52783,17.72216796875
5528.9,5597.711,68.81093750000036
1884.65,1989.9692,105.31923828124991
6185.8,6103.28,82.52021484375018
970.4,965.4759,4.924108886718727
346.2,352.375,6.175000000000011
654.85,591.3251,63.52492675781252
316.9,357.91467,41.01467285156252
89.1,91.347466,2.2474655151367244
1170.5,1186.9285,16.428466796875
608.0,601.9127,6.0872802734375
65.95,58.209236,7.740763854980472
4849.1,4990.7383,141.63828124999964
1460.65,1540.6224,79.97243652343741
4016.3,4040.148,23.847949218749818
1411.9,1361.6794,50.22055664062509
880.2,912.3446,32.144604492187455
593.2,613.18317,19.983166503906205
2576.2,2605.3228,29.122753906250182
81.1,84.415474,3.315473937988287
19.55,21.195675,1.6456748962402337
3452.55,3526.5508,74.00078124999982
1058.25,1007.9173,50.33270263671875
3808.2,3866.89,58.68989257812518
7806.6,7817.2495,10.649511718749636
95.0,109.980774,14.98077392578125
541.15,536.94037,4.209631347656227
5165.7,4922.266,243.43388671874982
713.6,705.645,7.954980468750023
1244.5,1224.996,19.5040283203125
43.15,43.156956,0.006955718994142046
5624.85,5435.0615,189.78847656250036
4812.75,4776.2725,36.4775390625
272.2,258.53397,13.666033935546864
1313.25,1310.7289,2.5211181640625
590.35,533.51215,56.83785400390627
5632.55,5647.301,14.750781249999818
1110.05,1052.6766,57.373364257812455
153.95,156.42169,2.4716918945312614
4145.9,4097.386,48.513769531249636
2768.65,2857.4976,88.84755859374991
255.35,253.35172,1.9982849121093693
865.8,823.22644,42.573559570312455
314.6,283.05865,31.541345214843773
1188.25,1183.8517,4.3983154296875
1113.95,1082.576,31.373950195312545
384.5,386.10385,1.603851318359375
2624.25,2544.0117,80.23828125
222.3,209.64095,12.659054565429699
5125.75,5304.858,179.10791015625
124.45,123.246796,1.2032043457031278
4422.95,4387.284,35.66582031249982
1948.35,2006.4767,58.12668457031259
704.3,631.9687,72.3313110351562
100.25,98.71914,1.5308609008789062
334.8,375.49786,40.69786376953124
7069.25,7080.937,11.68701171875
2310.2,2204.43,105.77006835937482
2483.65,2664.4504,180.8004394531249
8058.55,8257.945,199.39531249999982
1889.5,1923.4369,33.9368896484375
49.9,51.279716,1.3797164916992202
1372.9,1263.8394,109.06064453125009
146.3,122.18892,24.1110809326172
419.9,452.8131,32.91311035156252
1126.35,1084.2368,42.11318359374991
181.65,194.57764,12.927636718749994
6849.75,6655.5625,194.1875
6562.9,6457.7236,105.17636718749964
2730.85,2772.0273,41.17734375000009
1825.5,1859.1088,33.6087646484375
1143.8,1168.0975,24.297534179687545
5237.4,5280.839,43.438867187500364
5727.15,5666.5034,60.646582031249636
5848.6,5782.592,66.00820312500036
4361.55,4391.7466,30.196582031249818
4594.95,4586.513,8.436816406249818
8547.15,8239.146,308.00351562499964
6690.75,6701.2686,10.5185546875
75.05,77.64331,2.593310546875003
6859.5,6777.086,82.4140625
8127.6,8051.5796,76.02041015625036
1027.25,967.01807,60.23193359375
5893.95,5888.089,5.861132812499818
398.55,401.94083,3.3908264160156136
24.8,25.88508,1.0850803375244134
238.15,174.8257,63.32430114746094
293.85,277.9143,15.935693359375023
7517.7,7531.755,14.054882812500182
3527.0,3421.4424,105.5576171875
4524.05,4678.8906,154.84062499999982
7882.5,8095.049,212.548828125
609.1,650.3795,41.27951660156248
442.85,376.74298,66.10701904296877
2603.95,2603.5515,0.3984863281248181
31.55,42.719147,11.169146728515624
45.8,46.675026,0.8750259399414091
1932.75,1955.2366,22.486572265625
3283.05,3405.2986,122.24858398437482
1620.2,1577.654,42.545947265625045
576.65,563.0793,13.570715332031227
2553.7,2436.0308,117.66923828124982
1426.4,1499.4316,73.03164062499991
3804.4,3601.5405,202.8594726562501
4264.6,4157.0674,107.53261718750036
6602.9,6635.3965,32.496484375000364
2684.85,2695.86,11.010107421875091
780.2,806.66315,26.463146972656205
8071.05,8079.2744,8.224414062499818
45.1,46.1877,1.087698364257811
69.85,70.33847,0.4884704589843807
416.45,404.19525,12.254748535156239
2130.55,2021.7299,108.82014160156268
324.15,334.05344,9.903436279296898
945.7,971.0317,25.331677246093705
30.2,35.204254,5.004254150390626
5199.8,5252.42,52.61992187499982
221.7,220.04268,1.6573211669921761
1522.7,1612.0372,89.33723144531245
283.75,283.8111,0.06109619140625
6392.85,6348.663,44.186914062500364
1842.8,1973.7325,130.93254394531255
551.35,568.0293,16.679296874999977
68.5,69.448044,0.9480438232421875
566.5,589.1767,22.67669677734375
931.9,883.4301,48.46988525390623
83.75,99.32967,15.579673767089844
169.05,148.04025,21.009747314453136
53.55,56.07944,2.5294410705566435
24.4,24.281374,0.11862602233886577
2184.85,2424.7593,239.9092773437501
1183.8,1122.408,61.392041015624955
475.25,418.34302,56.906982421875
541.9,496.5165,45.38348999023435
6440.25,6657.19,216.93994140625
56.35,53.960224,2.3897758483886733
1723.95,1603.717,120.23295898437505
1614.9,1693.6615,78.76149902343741
1288.75,1234.1548,54.59521484375
1387.35,1329.5941,57.75588378906241
7904.25,7750.7764,153.4736328125
4828.05,4816.348,11.701855468750182
625.65,537.29407,88.35593261718748
141.65,136.97827,4.671728515625006
639.45,678.16705,38.717053222656205
1874.3,1795.9504,78.34956054687495
124.4,119.918304,4.481695556640631
905.55,886.8489,18.701123046874955
4946.05,5018.633,72.58281249999982
69.6,70.1914,0.5913986206054744
3581.4,3637.5256,56.12563476562491
601.6,649.95435,48.35434570312498
6375.8,6354.604,21.195996093750182
435.25,461.41934,26.169342041015625
471.35,421.44705,49.9029479980469
140.7,136.79813,3.9018737792968636
7726.35,7761.9966,35.646582031249636
918.6,923.9088,5.308813476562477
789.55,764.34485,25.205151367187455
633.4,633.57074,0.17073974609377274
577.15,605.5059,28.355920410156273
7962.2,7961.094,1.105761718749818
44.45,46.74577,2.295769500732419
6201.95,6361.8877,159.93769531250018
981.45,967.0658,14.384204101562545
567.45,553.3647,14.085314941406295
3791.6,3843.8003,52.20029296875009
3616.25,3677.8074,61.557373046875
5824.75,5755.3057,69.4443359375
1348.9,1432.276,83.37600097656241
4527.45,4614.7827,87.33271484375018
3094.05,3230.3113,136.26127929687482
6687.85,6823.096,135.24619140624964
3217.55,3187.942,29.608105468750182
4158.25,4201.3257,43.07568359375
413.65,387.1229,26.527105712890602
50.8,53.672974,2.872973632812503
475.2,484.10193,8.901928710937511
2919.85,2863.3552,56.49477539062491
299.3,291.99533,7.304669189453136
4307.1,4218.525,88.57509765625036
2796.35,2690.1514,106.19863281249991
1364.75,1300.8625,63.887451171875
40.9,42.6005,1.700498199462892
2807.65,2708.009,99.64096679687509
902.25,841.70856,60.54144287109375
150.75,140.55165,10.198348999023438
3260.1,3352.4197,92.31967773437509
3902.45,3932.4375,29.987500000000182
749.25,710.755,38.4949951171875
2361.8,2360.0522,1.747753906250182
4830.25,4769.017,61.23291015625
8310.55,8276.513,34.03730468749927
74.45,74.0911,0.3588973999023466
6910.3,6770.3,140.00019531250018
1893.5,1980.1985,86.698486328125
1885.15,1916.5929,31.44289550781241
183.75,178.12233,5.6276702880859375
3116.15,3309.3804,193.2303710937499
76.4,77.4556,1.0555969238281193
7752.05,7759.379,7.328906249999818
1242.2,1375.4681,133.26813964843745
24.4,24.64678,0.24678001403808736
3554.6,3457.1763,97.42373046874991
92.25,87.33206,4.917938232421875
1937.4,1880.8594,56.54062500000009
5661.7,5761.063,99.36298828125018
2007.85,2048.5337,40.68369140625009
142.35,138.18,4.170007324218744
212.3,242.68161,30.381610107421864
2603.1,2763.426,160.3260253906251
1540.05,1471.8762,68.17377929687495
50.15,51.83878,1.688779449462892
438.25,434.21,4.040008544921875
1975.85,1955.1779,20.67214355468741
420.2,385.52307,34.67692871093749
1225.65,1250.2579,24.60793457031241
5224.35,5215.6562,8.693750000000364
1122.4,1071.1315,51.26853027343759
2440.25,2420.3997,19.850341796875
39.3,42.189632,2.889632415771487
6362.35,6376.1577,13.807714843749636
58.0,57.935253,0.06474685668945312
83.4,91.01462,7.614617919921869
71.35,71.40556,0.055563354492193184
5016.65,5066.584,49.933984375000364
1441.65,1314.256,127.39401855468759
4551.5,4589.711,38.2109375
3954.1,4037.539,83.43906250000009
1345.55,1353.6965,8.146533203125045
600.0,489.23938,110.7606201171875
5458.8,5648.97,190.17021484374982
89.05,62.733017,26.31698303222656
358.15,370.14957,11.999566650390648
7990.05,8201.862,211.81230468749982
383.65,466.20496,82.55495605468752
5212.65,5397.422,184.77187500000036
329.95,296.00052,33.949481201171864
1087.45,1131.979,44.529003906249955
505.95,567.3954,61.44538574218751
902.0,919.2856,17.28558349609375
1730.35,1757.7643,27.41428222656259
3678.3,3791.0803,112.78032226562482
446.8,439.4148,7.385205078125011
5538.8,5626.586,87.78593749999982
70.2,70.1914,0.008601379394534092
1547.35,1487.9698,59.38015136718741
470.2,450.06058,20.139422607421864
163.7,167.3895,3.6894958496093864
3521.7,3377.6042,144.09575195312482
158.35,161.96854,3.6185363769531307
3160.55,3142.5867,17.963330078125182
733.55,611.7101,121.83991699218745
6093.3,6052.947,40.35322265625018
3046.15,2983.793,62.35703125000009
7008.15,6854.75,153.39999999999964
1527.35,1620.068,92.71799316406259
5299.65,5477.274,177.62392578125036
4122.65,4195.735,73.08486328125036
3533.6,3682.4353,148.8353027343751
4759.55,4704.171,55.37910156250018
689.35,688.704,0.6460205078125227
829.55,864.4353,34.885302734375045
4317.35,4167.3013,150.04873046875036
367.55,372.7448,5.194812011718739
2874.15,2987.7913,113.64125976562491
247.0,209.99994,37.00006103515625
73.5,72.47546,1.0245437622070312
1031.1,1001.7456,29.35439453124991
3632.0,3639.6392,7.63916015625
876.15,858.8393,17.310705566406227
1782.0,1881.3406,99.340576171875
75.35,78.75901,3.409010314941412
59.75,57.323082,2.4269180297851562
4620.4,4585.492,34.907812499999636
2244.95,2311.545,66.59492187500018
1611.65,1589.682,21.96799316406259
6094.25,6314.59,220.33984375
1110.5,1175.1128,64.61279296875
818.45,788.81323,29.636767578125045
851.8,854.0918,2.2917968750000455
358.05,340.29584,17.75416259765626
20.15,21.836697,1.6866966247558608
48.45,51.57138,3.121380615234372
1345.85,1378.044,32.19394531250009
1548.65,1579.2639,30.61391601562491
883.35,948.9547,65.60471191406248
5265.55,5174.6216,90.92841796875018
2243.9,2163.17,80.73007812500009
492.1,489.99084,2.1091552734375227
2595.85,2711.352,115.50205078125009
200.2,209.72388,9.523876953125011
1118.8,1177.4829,58.682910156250045
1901.05,1901.1069,0.056933593750045475
609.9,602.46594,7.434057617187477
50.45,51.88916,1.4391601562499972
57.2,57.41269,0.21268920898437216
2625.25,2636.0718,10.82177734375
1059.55,982.21277,77.33723144531245
3645.05,3621.2292,23.820751953125182
2419.0,2381.3594,37.640625
1147.0,1192.9868,45.98681640625
1549.75,1620.3164,70.56640625
7413.55,7362.096,51.45380859375018
6382.0,6682.51,300.509765625
576.65,586.1466,9.496606445312523
7578.05,7571.167,6.883007812500182
1125.2,1181.8807,56.680737304687455
249.55,247.73425,1.8157470703125114
2614.1,2739.0474,124.94736328125009
655.3,688.5143,33.214282226562545
73.55,72.90897,0.6410263061523409
323.15,344.25644,21.106439208984398
5154.6,5212.5083,57.908300781249636
6579.05,6480.294,98.75605468750018
139.25,138.32706,0.922943115234375
874.8,863.8182,10.981823730468705
7213.75,7005.244,208.505859375
5317.8,5214.076,103.72382812500018
2062.15,2175.847,113.69692382812491
7854.15,7838.5933,15.556738281249636
868.5,853.8892,14.61077880859375
247.25,256.9258,9.675811767578125
94.55,141.48274,46.932742309570315
5728.55,5748.064,19.513964843749818
2020.9,1985.9493,34.95065917968759
892.15,936.97107,44.82106933593752
4368.85,4322.2812,46.568750000000364
68.35,57.415108,10.934892272949213
279.55,287.5353,7.985308837890614
143.9,138.00777,5.892233276367193
280.85,340.29584,59.44583740234373
8277.05,8502.564,225.51445312500073
130.15,146.64584,16.49584350585937
3339.05,3603.1096,264.0596191406248
674.55,617.3258,57.224194335937455
208.45,187.01268,21.43731994628905
2737.05,2763.035,25.984912109374818
5798.3,5977.0835,178.78349609374982
1258.15,1177.887,80.26303710937509
6688.95,6649.493,39.45683593749982
7332.4,7401.9355,69.53554687500036
20.5,22.769293,2.2692928314208984
7689.95,7465.276,224.67412109374982
470.0,530.4077,60.40771484375
655.85,588.0346,67.81539306640627
1233.4,1287.7052,54.30520019531241
914.3,927.74646,13.446459960937545
527.5,489.7553,37.74468994140625
19.5,21.576448,2.076448440551758
890.6,833.64594,56.95406494140627
368.85,367.48624,1.3637634277343977
495.15,519.774,24.623986816406273
697.65,753.98645,56.33645019531252
1218.25,1231.3556,13.1055908203125
4214.25,4112.1343,102.11572265625
1164.05,1180.296,16.246020507812545
4414.3,4509.1587,94.85869140624982
7689.8,7702.93,13.130175781249818
404.2,426.5391,22.339093017578136
6126.1,5853.9746,272.12539062500036
5082.8,5130.306,47.50615234374982
1166.7,1200.6511,33.951123046874955
2658.4,2626.4233,31.97666015625009
7878.3,7764.396,113.90400390625018
8456.75,8529.291,72.541015625
3649.6,3523.5083,126.09169921874991
69.15,69.448044,0.2980438232421818
1623.15,1603.148,20.00205078125009
1031.7,1043.8485,12.148510742187455
329.8,370.48804,40.68803710937499
4144.9,4008.79,136.10996093749964
4322.85,4422.349,99.49912109374964
1199.4,1260.9446,61.54458007812491
716.1,718.55865,2.4586547851562273
1498.85,1680.9368,182.0867675781251
71.55,71.40556,0.14443664550780966
2686.05,2651.518,34.53193359375018
764.95,681.60736,83.3426391601563
6819.45,6861.4893,42.03925781250018
3091.75,3097.1914,5.44140625
1928.7,1942.0764,13.376416015624955
1291.35,1344.4421,53.09213867187509
1573.05,1547.0237,26.026318359374955
5309.5,5477.8843,168.38427734375
276.5,255.90527,20.5947265625
1350.15,1367.1735,17.02346191406241
653.95,597.34973,56.600268554687545
408.25,383.1665,25.08349609375
40.25,43.186756,2.936756134033203
7869.05,7962.488,93.43779296874982
264.8,256.98712,7.812878417968761
934.1,929.4315,4.668481445312523
4119.4,4076.6953,42.704687499999636
226.55,228.56984,2.019839477539051
5127.95,5006.791,121.15898437499982
3419.3,3338.6306,80.66938476562518
1672.15,1676.6566,4.506616210937409
311.6,284.40472,27.195275878906273
7279.35,7468.884,189.53378906249964
101.65,114.64667,12.996667480468744
3365.4,3281.6504,83.74960937500009
406.05,416.95972,10.909716796874989
3082.1,3015.79,66.30996093749991
6219.6,6144.6826,74.91738281250036
2209.75,2142.0596,67.6904296875
4627.85,4619.8975,7.952539062500364
72.4,84.816666,12.416665649414057
5515.8,5398.3916,117.40839843750018
923.1,959.7022,36.60220947265623
70.65,70.33847,0.3115295410156307
2896.55,2947.5083,50.95830078124982
1416.5,1397.7102,18.789794921875
469.8,456.49545,13.304547119140636
4730.6,4874.999,144.39902343749964
6786.4,6846.9585,60.558496093750364
424.75,424.83713,0.087127685546875
1253.9,1263.3359,9.435937499999909
1458.1,1417.9021,40.19790039062491
1212.25,1224.8467,12.5966796875
1845.9,1793.2307,52.66928710937509
3580.3,3503.684,76.61591796875018
5498.2,5365.633,132.56718749999982
165.2,179.46017,14.260174560546886
6669.45,6510.7974,158.65263671874982
944.65,943.01324,1.6367553710937273
193.8,184.60686,9.193142700195324
1443.65,1588.9464,145.2964111328124
5243.05,5131.7827,111.26728515625018
539.85,530.0845,9.765527343750023
6347.55,6459.4536,111.90361328124982
5882.75,5982.6226,99.87255859375
45.4,46.851788,1.4517875671386733
3353.4,3249.6768,103.72324218750009
1266.1,1267.7427,1.642675781250091
1072.0,1094.8676,22.8675537109375
3919.15,4000.1885,81.03847656249991
100.4,119.58999,19.189988708496088
3629.2,3493.7446,135.45537109374982
1725.0,1667.783,57.217041015625
420.45,424.44165,3.9916503906250114
6962.85,6958.88,3.970117187500364
3517.9,3457.5781,60.32187500000009
1399.35,1374.204,25.14602050781241
865.75,858.12103,7.62896728515625
252.0,252.61319,0.613189697265625
3930.6,4011.6035,81.00351562500009
2104.55,2162.985,58.43510742187482
4398.15,4394.9604,3.189550781249636
45.75,46.203598,0.4535980224609375
3759.05,3755.121,3.928906250000182
4804.75,4681.949,122.80078125
7009.5,7040.0977,30.59765625
2317.1,2377.9602,60.86020507812509
400.3,441.50696,41.20695800781249
5893.9,6086.31,192.41005859375036
3143.65,3061.455,82.19492187500009
1439.35,1547.757,108.40695800781259
20.3,21.385498,1.0854980468749993
2807.1,2851.5095,44.40952148437509
382.2,389.81644,7.616436767578136
858.6,835.095,23.505029296875023
3529.95,3523.6306,6.319384765624818
7031.3,6824.8594,206.44062500000018
8312.4,8386.068,73.66835937500036
1563.95,1615.1975,51.247509765624955
77.75,71.6385,6.111503601074219
1127.35,1201.2704,73.92038574218759
4599.15,4354.5015,244.64853515624964
56.0,51.138462,4.861537933349609
1378.45,1372.3003,6.1497070312500455
2570.2,2527.3782,42.82182617187482
275.9,304.8107,28.910699462890648
746.05,762.2554,16.205371093750045
95.45,98.44047,2.9904678344726534
92.05,98.019325,5.969325256347659
69.25,69.30097,0.05097198486328125
1778.7,1738.6681,40.031909179687545
1820.45,1783.08,37.370043945312545
52.0,64.89158,12.891578674316406
424.15,423.7628,0.38721313476560226
1970.5,2040.5015,70.00146484375
3887.25,3992.2854,105.035400390625
373.5,371.42245,2.077545166015625
2293.6,2208.7065,84.89345703124991
62.9,83.71794,20.81794128417969
1082.75,1090.114,7.364013671875
1192.3,1194.8943,2.5942871093750455
4109.0,4038.408,70.592041015625
20.5,23.24072,2.740720748901367
19.85,20.935242,1.0852416992187486
4667.0,4884.2456,217.24560546875
3416.85,3326.8982,89.95180664062491
20.4,23.24072,2.8407207489013686
295.55,307.88278,12.332781982421864
1874.45,1797.9148,76.53520507812505
689.0,705.6913,16.6912841796875
1191.4,1209.5275,18.12746582031241
3674.95,3755.7188,80.76875000000018
19.4,21.211042,1.811042404174806
1756.2,1725.28,30.919970703125045
70.25,70.33847,0.088470458984375
6152.4,5968.849,183.55087890624964
1574.5,1519.9786,54.5213623046875
3013.05,2985.6567,27.393261718750182
365.35,339.7023,25.647698974609398
1713.1,1686.4697,26.63027343749991
429.55,460.25784,30.707843017578114
238.5,219.79213,18.707870483398438
973.55,1002.80585,29.255847167968795
261.25,275.67432,14.42431640625
5336.35,5415.427,79.07675781249964
2431.35,2343.1758,88.17421874999991
418.3,428.64697,10.346972656249989
50.55,49.97878,0.571221160888669
6413.65,6311.5312,102.11874999999964
2298.55,2224.0967,74.45332031250018
3706.95,3916.3484,209.39838867187518
2530.4,2535.6973,5.297265624999909
467.85,456.3732,11.476800537109398
4820.15,4827.591,7.440820312500364
48.55,51.57138,3.021380615234378
524.35,537.3969,13.046911621093727
2156.25,2236.1497,79.899658203125
2723.15,2657.4143,65.73569335937509
6017.65,5979.964,37.686132812499636
1493.55,1445.0309,48.519116210937455
1267.05,1256.9143,10.135693359374955
2743.45,2713.3289,30.121142578124818
103.7,87.83467,15.86532897949219
5681.1,5878.996,197.89609374999964
1665.2,1841.049,175.84895019531245
201.95,222.31644,20.366436767578136
49.0,48.535763,0.4642372131347656
6448.85,6467.915,19.065039062499636
335.95,299.13635,36.81364746093749
1443.65,1415.7778,27.87216796875009
832.35,866.7968,34.44681396484373
953.45,927.0105,26.439501953125045
417.7,431.6587,13.958691406250011
270.7,231.77512,38.924884033203114
1111.65,989.938,121.71201171875009
4871.45,4950.077,78.62714843750018
1867.6,1800.2511,67.34890136718741
251.25,243.427,7.822998046875
272.0,280.36914,8.369140625
1174.8,1141.5725,33.227490234374955
2745.2,2773.2554,28.055371093750182
1297.35,1256.3054,41.04458007812491
69.6,70.33847,0.7384704589843807
3875.4,3900.1292,24.72915039062491
2599.95,2532.2603,67.68974609374982
7942.15,7607.6445,334.50546874999964
90.05,87.82235,2.2276504516601534
6578.55,6790.437,211.88701171874982
178.8,171.47952,7.320477294921886
223.75,222.37267,1.3773345947265625
1023.9,965.99426,57.90573730468748
997.75,1022.94916,25.19915771484375
1022.6,969.40454,53.19545898437502
1167.6,1137.4177,30.18227539062491
45.3,46.203598,0.9035980224609403
4692.95,4727.3726,34.42255859375018
911.6,920.31934,8.719335937499977
1446.8,1399.656,47.143994140624955
1493.2,1493.3406,0.14057617187495453
2317.1,2290.7869,26.31313476562491
409.9,404.79214,5.107855224609352
784.45,726.5234,57.926623535156295
1415.85,1378.122,37.72805175781241
1021.8,1101.778,79.97795410156255
91.3,91.19468,0.10532073974609091
2312.55,2305.3499,7.200146484375182
173.0,157.04384,15.956161499023438
1983.15,2026.3212,43.17116699218741
732.5,756.918,24.41802978515625
39.25,42.874477,3.6244773864746094
3975.7,3921.6067,54.09331054687482
450.8,489.7195,38.919512939453114
854.9,843.65106,11.248937988281227
490.65,505.38867,14.738671875000023
1108.8,1114.338,5.5380126953125455
301.9,303.4144,1.5143981933593977
627.4,680.9989,53.59890136718752
1593.1,1707.2234,114.12338867187509
1767.35,1807.5209,40.17087402343759
3282.75,3344.169,61.4189453125
1621.35,1641.1127,19.76267089843759
5200.8,5306.057,105.25712890624982
259.8,284.03705,24.23704833984374
817.95,852.40784,34.457836914062455
45.95,47.107132,1.1571319580078097
463.6,472.53128,8.931280517578102
1345.75,1330.2766,15.473388671875
6398.05,6453.9995,55.94951171874982
914.4,859.67706,54.72293701171873
833.55,848.6735,15.123522949218795
52.0,42.360413,9.63958740234375
69.9,70.33847,0.4384704589843693
272.35,274.45477,2.1047729492187273
1025.15,1022.76776,2.382238769531341
44.05,43.481503,0.5684974670410128
1394.55,1329.4576,65.09235839843745
3121.1,3185.942,64.84189453125009
742.9,717.7523,25.147680664062477
2924.05,2707.8962,216.15375976562518
8196.4,8221.1455,24.745507812500364
6982.5,6750.53,231.97021484375
3483.45,3576.4734,93.02338867187518
5746.75,5717.139,29.61083984375
1254.7,1303.7914,49.091381835937455
4735.35,4644.1636,91.18642578125036
240.45,272.29303,31.84302978515626
44.65,46.9673,2.317300415039064
3045.75,2919.0642,126.685791015625
433.5,440.04694,6.54693603515625
7412.25,7391.8936,20.3564453125
403.15,401.04953,2.1004699707031023
956.65,946.9811,9.668920898437477
2271.85,2230.0935,41.75649414062491
503.6,538.4925,34.89249267578123
1273.3,1319.8295,46.529467773437545
1391.65,1615.1162,223.4662109374999
2200.7,2118.0781,82.62187499999982
270.15,236.23486,33.91513671874998
733.95,716.86444,17.085559082031295
3457.9,3443.7205,14.179541015625091
119.3,122.4206,3.120600891113284
3754.6,3678.9429,75.65712890624991
5979.7,5890.843,88.85722656249982
7674.55,7699.935,25.385058593749818
5163.3,5280.7065,117.40654296874982
5037.55,4965.761,71.78876953125018
2351.8,2399.2937,47.49370117187482
3851.45,3936.5342,85.08417968750018
4590.35,4568.5,21.850000000000364
522.95,540.95,18.000012207031205
4748.7,4710.322,38.37822265624982
223.9,235.25249,11.352487182617182
592.75,524.3506,68.3994140625
348.8,316.61365,32.18635253906251
827.3,809.9061,17.393872070312455
3334.9,3193.6375,141.2625488281251
1378.25,1367.3026,10.9473876953125
162.55,161.37839,1.1716125488281364
85.15,86.68681,1.5368133544921818
2369.3,2438.0562,68.75615234374982
387.2,372.96512,14.234881591796864
270.95,257.81247,13.137530517578114
4263.45,4465.116,201.66621093750018
846.0,812.6599,33.340087890625
3591.25,3637.903,46.653076171875
767.55,796.05664,28.506640625000045
6951.15,7041.82,90.66982421875036
1748.9,1895.701,146.8010498046874
4448.8,4490.097,41.29716796874982
747.2,782.97284,35.772839355468705
268.45,258.27744,10.172564697265614
231.8,233.4791,1.6790954589843636
3204.65,3197.7263,6.923681640625091
477.7,451.66534,26.03465576171874
5890.0,5827.5605,62.439453125
6405.0,6353.2485,51.75146484375
5487.0,5635.056,148.05615234375
1195.25,1241.367,46.116943359375
79.15,77.58473,1.5652679443359432
5714.25,5574.0063,140.24365234375
1107.2,1104.6685,2.5315429687500455
996.95,1034.2299,37.279858398437455
1534.05,1518.875,15.174999999999955
909.25,934.7022,25.45220947265625
51.6,41.97329,9.626710510253908
1207.0,1198.8873,8.1126708984375
1305.95,1329.4263,23.476269531249955
552.95,535.3767,17.573291015625045
436.2,464.28394,28.08393554687501
2053.05,2117.367,64.31694335937482
958.25,948.2327,10.01727294921875
7661.8,7745.032,83.23222656249982
258.35,235.1782,23.171792602539085
6223.8,6115.786,108.01386718750018
2933.95,3013.2913,79.34125976562518
5764.7,5731.536,33.16386718749982
3238.4,3400.0022,161.6021972656249
416.4,431.7647,15.364709472656273
50.6,57.65625,7.056249999999999
74.35,73.03811,1.3118911743164006
4297.6,4166.276,131.32412109375036
471.85,491.42532,19.575323486328102
343.45,350.13422,6.684216308593761
4374.55,4393.7256,19.175585937499818
6654.1,6590.3496,63.750390625000364
2254.2,2221.5916,32.60844726562482
3004.15,2868.1975,135.9524902343751
5253.95,5317.928,63.97822265625018
4107.3,4089.5876,17.712353515625182
2510.2,2620.3496,110.14960937500018
256.6,233.60684,22.993157958984398
1093.0,1238.4006,145.400634765625
20.2,21.365269,1.1652687072753913
62.25,79.45631,17.20630645751953
810.85,794.419,16.430993652343773
999.9,1020.127,20.227014160156273
1641.8,1697.887,56.086962890625045
296.1,350.94263,54.84262695312498
757.1,833.4483,76.34830322265623
809.75,821.1044,11.3543701171875
5440.9,5389.989,50.911230468749636
6000.1,5897.4067,102.69326171875036
20.9,22.70366,1.803659057617189
309.4,282.47537,26.924627685546852
4874.8,4983.7217,108.92167968749982
3419.5,3427.7095,8.20947265625
1017.35,976.71436,40.63564453125002
7447.7,7485.3726,37.67255859375018
587.4,573.67535,13.724645996093727
50.8,52.92508,2.125079345703128
3377.8,3321.5276,56.27241210937518
899.8,884.51385,15.286145019531205
4222.95,4167.389,55.56083984374982
1337.5,1389.6865,52.1865234375
1131.3,1151.0902,19.790209960937545
68.45,80.48869,12.038693237304685
5968.4,6076.512,108.11220703125036
2387.75,2492.7974,105.04736328125
1381.8,1399.6436,17.843554687500045
6563.4,6495.9946,67.40537109374964
1132.75,1210.8389,78.0888671875
2683.2,2704.9749,21.774853515625182
100.35,123.60883,23.258833312988287
2640.55,2613.4395,27.110546875000182
55.0,55.218952,0.21895217895507812
51.25,52.900913,1.6509132385253906
95.05,92.7327,2.317303466796872
164.3,145.93411,18.365887451171886
7658.3,7803.555,145.25517578124982
321.9,306.8788,15.021185302734352
6975.25,6953.475,21.77490234375
216.9,222.57787,5.677865600585932
2884.9,2936.421,51.52089843749991
1269.1,1312.0044,42.90439453125009
1037.75,1014.21136,23.53863525390625
4983.05,5005.164,22.114062499999818
3906.7,4156.7153,250.01533203125018
4732.35,4666.425,65.92519531250036
592.65,580.32355,12.326452636718727
4914.9,4674.7783,240.12167968749964
3211.2,3257.8984,46.69843750000018
279.5,356.21793,76.71792602539062
82.15,92.62803,10.4780288696289
6423.0,6340.4204,82.57958984375
693.3,717.79663,24.496630859375045
2278.75,2367.2212,88.47119140625
246.3,235.59534,10.704663085937511
232.35,242.38525,10.035253906250006
6991.9,6863.8887,128.01132812499964
8033.1,7926.209,106.89101562500036
2830.45,2861.2773,30.827343750000182
1208.35,1239.1625,30.81247558593759
1032.05,984.48804,47.561962890624955
2431.95,2591.314,159.36396484375018
2727.3,2758.7297,31.429736328124818
225.65,209.66974,15.980261230468756
3972.25,4041.0393,68.789306640625
5029.2,4932.7993,96.40068359374982
2460.55,2502.0298,41.47978515624982
3756.4,3749.6995,6.700537109375091
1359.0,1319.4197,39.580322265625
435.4,459.3129,23.912896728515648
741.7,726.43677,15.263232421875045
1070.15,1141.286,71.13601074218741
515.75,505.45764,10.2923583984375
7714.65,7975.76,261.10976562500036
1277.75,1287.2231,9.47314453125
1626.4,1611.3834,15.016577148437591
7133.1,6887.465,245.63515625000036
1642.75,1685.9988,43.248779296875
237.7,232.07124,5.628756713867176
1772.25,1866.9502,94.7001953125
3303.05,3414.568,111.51811523437482
8443.7,8370.654,73.04570312500073
4939.25,4920.619,18.630859375
220.45,203.07808,17.371920776367176
6487.2,6547.973,60.77314453125018
917.15,865.20105,51.94895019531248
84.6,90.03382,5.433821105957037
715.0,696.3712,18.6287841796875
3928.3,4018.8806,90.58061523437482
4920.55,4869.1997,51.35029296875018
50.15,52.14113,1.991128540039064
4068.0,4188.825,120.8251953125
1335.2,1290.712,44.487963867187545
70.15,70.33847,0.18847045898436932
184.95,238.6109,53.66090087890626
1347.15,1420.3832,73.23317871093741
1295.4,1327.797,32.39699707031241
4627.65,4563.563,64.08701171874964
75.55,77.23317,1.6831695556640653
330.6,367.33963,36.7396301269531
4805.65,4694.9053,110.74472656249964
7156.2,7233.43,77.23017578125018
116.95,97.74509,19.204913330078128
94.4,86.12157,8.278433227539068
6367.2,6284.149,83.05107421874982
6185.15,6064.4517,120.69833984374964
1654.6,1731.8054,77.20541992187509
1424.9,1399.8319,25.06809082031259
8468.2,8257.945,210.25468750000073
1725.4,1741.9988,16.59877929687491
1857.85,1822.0776,35.77236328124991
1138.8,1137.6383,1.1616943359374545
2995.45,2906.8013,88.64873046874982
1321.3,1315.7708,5.5292480468749545
4495.65,4594.8135,99.16347656250036
4977.2,4853.3076,123.89238281249982
635.6,647.98114,12.381140136718727
1478.85,1495.6012,16.75119628906259
769.1,718.78217,50.31783447265627
1052.4,1086.1521,33.75209960937491
8093.15,8122.1797,29.029687500000364
24.0,23.509003,0.490997314453125
202.3,216.94298,14.642977905273426
243.65,256.5114,12.861413574218744
1949.4,1953.9962,4.596215820312409
29.95,35.675682,5.7256820678710945
8022.85,7993.5596,29.290429687500364
5956.85,5969.8345,12.984472656249636
1815.0,1934.3456,119.3455810546875
2835.9,2811.1719,24.72812500000009
4738.3,4727.1597,11.140332031250182
3914.05,3949.1467,35.09672851562482
